Date,StationCode,Time,MicrocystisVisualRank,WaterTemp,Secchi,EC,SpCnd,pH,DO,Turbidity,LightData,SurfaceIRR,Depth1,SubSurfaceIRR1,Depth2,SubSurfaceIRR2,Depth3,SubSurfaceIRR3,Depth4,SubSurfaceIRR4,WY
10/4/2016,STTD,11:33,,16.3,0.23,166,199,7.23,8.33,35.6,TRUE,2285,0.07,1734.2,0.26,1143.4,0.45,570.9,1.48,22.81,WY17
10/5/2016,SHR,10:25,,16.04,2.1,94,113,7.68,10.15,4.6,TRUE,2199,0.04,1639,0.21,1109,1.11,544,2.17,219,WY17
10/19/2016,SHR,10:30,,15.6,1.7,98,117,7.17,9.77,5.24,TRUE,2489,0.04,1830,0.14,1214.3,0.74,637,2.22,146.3,WY17
10/18/2016,STTD,9:13,,17.03,0.3,153,180,7.35,8.81,27.7,TRUE,2099,0.07,1569.3,0.22,1039.5,0.46,526.1,1.47,22.32,WY17
11/29/2016,SHR,10:15,1,10.3,0.75,115,161,7.42,10.07,12.6,TRUE,1119,0.04,837.3,0.13,529.1,0.51,277.2,2.19,11.45,WY17
11/28/2016,STTD,9:28,,12.1,0.54,280,371,7.79,8.67,12.9,TRUE,606.4,0.04,462.3,0.06,301.6,0.29,156.33,1.58,6.11,WY17
11/18/2016,SHR,9:47,,13.2,1.3,133,172,7.67,9.45,4.7,TRUE,2203,0.05,1618,0.07,1109,0.75,544.9,2.55,79.09,WY17
11/14/2016,STTD,9:00,,16.7,0.77,197,234,7.99,8.29,11.1,TRUE,1997.6,0.04,1477.7,0.12,986.5,0.49,497.8,2.25,19.8,WY17
11/1/2016,SHR,10:00,,15.1,0.81,130.9,161.5,7.42,8.72,7.6,TRUE,2466,0.08,1768.8,0.17,1218.3,0.58,609.8,2.08,39.21,WY17
10/31/2016,STTD,9:18,,17,0.48,160.6,188.7,7.73,8.02,17.1,TRUE,1264,0.04,97.1,0.19,632,0.41,297,1.49,13.54,WY17
12/13/2016,STTD,9:17,1,9.9,0.48,463,463,7.74,8.26,17.7,TRUE,429.4,0.03,326.9,0.06,218.3,0.23,110.14,1.35,4.78,WY17
12/14/2016,SHR,8:28,1,10,0.16,76,106.5,7.27,10.12,73.5,TRUE,412.9,0.04,304.9,0.09,206.7,0.2,100.82,0.68,4.12,WY17
12/21/2016,SHR,8:16,1,8.4,0.23,72,105,7.24,10.39,44.1,TRUE,323.1,0.04,240.7,0.08,162.8,0.23,80.67,0.94,2.94,WY17
12/21/2016,STTD,13:21,,8.6,0.13,105,153,7.45,8.19,72.2,TRUE,1974.4,0.07,1407.3,0.09,987.2,0.15,456,0.6,19.84,WY17
12/27/2016,STTD,10:00,1,6.2,0.32,281,438,7.56,9.01,35.4,TRUE,1893.1,0.05,1479.4,0.07,960.4,0.13,495,0.83,18.42,WY17
12/29/2016,SHR,8:12,1,7.4,0.35,85,128,7.52,10.97,20.7,TRUE,1450.9,0.05,1055.6,0.06,778.4,0.12,363.5,1.3,14.24,WY17
1/10/2017,SHR,9:41,1,9.6,0.13,45,63.8,6.79,11.46,98.7,TRUE,338.5,0.04,254,0.08,168.9,0.15,84.8,0.52,3.4,WY17
1/11/2017,STTD,10:50,1,10.3,0.13,,72,7.27,10.32,95.8,FALSE,,,,,,,,,,WY17
1/18/2017,STTD,11:00,,8.2,0.21,67,98,7.1,10.36,44,TRUE,73.55,0.07,50.21,0.14,38.39,0.3,18.67,1.08,0.076,WY17
1/23/2017,SHR,9:45,1,8.8,0.16,66,96.3,7.36,11.03,55,TRUE,2268,0.07,1737.2,0.09,1171.8,0.18,588,0.74,23.1,WY17
1/24/2017,STTD,9:20,1,8.8,0.14,78,113,7.44,10.47,73.6,TRUE,1901.9,0.05,1457.6,0.09,981.5,0.18,478.7,0.82,19.08,WY17
2/2/2017,STTD,10:10,1,9.4,0.23,130.8,186,7.48,9.59,37.7,TRUE,1880.7,0.03,1462.9,0.08,943.3,0.29,471.5,1.11,18.37,WY17
2/6/2017,STTD,10:45,1,10.9,0.23,114,156,7.62,10.14,43.6,TRUE,365.8,0.05,277.5,0.13,180.1,0.32,91.7,0.96,0.368,WY17
2/7/2017,SHR,9:00,,9.6,0.45,59.1,84,7.5,11.53,28.5,TRUE,155.31,0.02,118.47,0.06,77.01,0.28,38.65,1.34,1.36,WY17
2/16/2017,STTD,11:50,,10.1,0.2,54.4,76,7.4,11.15,49.8,TRUE,505.2,0.02,378,0.12,256.4,0.28,126.6,0.93,5.39,WY17
2/22/2017,STTD,9:30,,10,0.18,52.7,73.9,7.58,10.99,51.8,TRUE,2558,0.045,1927.8,0.12,1213.6,0.24,649.5,0.92,26.16,WY17
2/23/2017,SHR,8:08,,9.2,0.21,46,65.8,7.51,11.8,42.2,TRUE,1979.5,0.04,1491.6,0.07,947.6,0.16,493.5,0.93,20.1,WY17
3/8/2017,SHR,8:05,,9.8,0.22,87,123,7.49,10.68,37.4,TRUE,2117,0.06,1619,0.11,1024,0.22,513,1.01,21.67,WY17
3/9/2017,STTD,10:12,1,11.7,0.21,107,144,7.61,10.15,36,TRUE,2486,0.13,1866.6,0.26,1245.6,0.44,628.9,0.85,93.6,WY17
3/14/2017,STTD,9:40,1,17.2,0.29,340,400,8.09,10.19,22.9,TRUE,2085,0.08,1563.8,0.17,1045.4,0.37,528.8,0.9,63.12,WY17
3/22/2017,STTD,9:30,1,15.5,0.42,297,363,8.14,8.91,27.3,TRUE,988.7,0.04,760,0.1,493.9,0.35,243.4,1.09,11.63,WY17
3/21/2017,SHR,10:52,1,11.7,0.4,79,106.5,7.59,10.86,31.9,TRUE,2600,0.07,1941,0.24,1293,0.42,676,1.33,28,WY17
4/5/2017,STTD,9:46,1,17,0.26,414,489,8.14,8.33,33.8,TRUE,2060,0.04,1550,0.1,1034,0.26,509,0.9,21.6,WY17
4/4/2017,SHR,8:40,,13.5,0.3,98,125,7.56,10.31,26.5,TRUE,1857,0.03,1380.6,0.15,924.9,0.31,464.9,1.29,18.9,WY17
3/28/2017,STTD,9:05,,13.4,0.33,157,201,7.84,9.94,21.8,TRUE,2119,0.05,1584.4,0.17,1058.5,0.33,530.4,1.37,20.89,WY17
5/5/2017,STTD,10:25,1,20.1,0.21,225,249,8.09,8.11,28.8,TRUE,2140,0.09,1611.4,0.2,1079.2,0.34,533.7,1,44.4,WY17
5/4/2017,SHR,10:08,1,16.4,0.42,83,100,7.55,9.73,14.7,TRUE,2472,0.09,1852,0.29,1231,0.65,643,2.09,29,WY17
4/26/2017,STTD,9:49,1,15.7,0.41,99.3,121,7.11,9.53,18,TRUE,529.8,0.04,391.1,0.09,267.4,0.4,128.8,0.96,6.2,WY17
4/19/2017,SHR,8:48,1,12.1,1,66,87.4,7.25,11.02,18.8,TRUE,2231,0.04,1696,0.12,1154,0.42,551,1.59,25,WY17
4/18/2017,STTD,9:40,1,13.4,0.33,100,129,7.24,9.26,22,TRUE,2524,0.07,1811,0.29,1282,0.47,626,1.13,19.3,WY17
4/13/2017,STTD,10:09,1,14.7,0.26,114,217,7.9,9.14,27.7,TRUE,914.5,0.14,686.2,0.24,455.3,0.6,228.9,100,43.2,WY17
6/13/2017,SHR,8:15,1,16.5,1.2,88.7,106,7.46,9.29,14,TRUE,2004,0.03,1522,0.1,1007,0.42,502,1.86,24.2,WY17
6/12/2017,STTD,10:30,,21,0.17,551,596,7.75,4.82,54,TRUE,2422,0.03,1826,0.14,1224,0.21,608,0.67,25,WY17
5/31/2017,SHR,9:18,,16.9,,75,88,7.14,9.55,11,TRUE,1268,0.04,946.5,0.36,649,0.69,323.2,2.1,30.62,WY17
5/30/2017,STTD,11:05,1,21.9,0.2,644,685,7.95,6.5,38.6,TRUE,2125,0.98,1598,0.17,1070,0.29,530,0.47,21.74,WY17
5/16/2017,STTD,10:10,1,19.1,0.32,473,533,7.94,6.97,23.4,TRUE,1489.7,0.04,1126,0.1,745.5,0.26,369.7,1.07,14.23,WY17
5/17/2017,SHR,7:38,1,14.5,1,70.6,88.3,7.09,10.17,21.4,TRUE,2079,0.05,1567,0.16,1005,0.37,519.8,1.48,20.06,WY17
5/9/2017,STTD,10:23,1,21.6,0.2,476,510,7.99,6.24,45.6,TRUE,2300,0.13,1718.2,0.21,1146.3,0.3,568.1,0.73,24.53,WY17
6/27/2017,SHR,8:56,1,20.6,1.8,88.4,96.5,7.1,8.76,4.5,TRUE,2301,0.05,1732,0.33,1153,0.86,575,2.18,130,WY17
7/18/2017,SHR,8:42,1,22.3,1.7,104,110,7.58,8.5,7.6,TRUE,2205,0.06,1657,0.17,1104,0.76,552,2.35,40,WY17
8/1/2017,SHR,8:55,,21.8,,98,104,7.79,8.64,8.2,TRUE,1916.7,0.04,1481,0.21,963,0.71,490,2.45,57.9,WY17
8/29/2017,SHR,9:05,1,21.2,0.9,111,120,7.77,8.53,8.1,TRUE,1987.7,0.1,1474,0.21,997,0.72,493,2.49,22.71,WY17
8/15/2017,SHR,9:36,1,20.6,0.85,102,111,7.52,8.66,8.4,TRUE,2274,0.04,1712,0.26,1131,0.78,568,2.42,75,WY17
9/12/2017,SHR,10:15,1,20.4,,117,127,7.54,8.79,4.2,TRUE,2994,0.04,2219,0.3,1495,0.62,748,2.21,92.12,WY17
9/20/2017,STTD,10:20,,20.4,0.35,170.4,186.8,7.72,7.97,14.7,TRUE,2101,0.05,1575,0.21,1056,0.51,522,1.8,21.3,WY17
9/19/2017,SHR,9:35,,18.9,0.95,101,116,7.55,9.14,3.5,TRUE,2213,0.09,1688.5,0.29,1114.9,0.86,553.1,2.49,95.02,WY17
10/3/2017,SHR,9:48,,16,1.01,81,98,7.81,9.64,1.2,TRUE,2309,0.04,1771,0.24,1168.9,1,573.2,2.28,130.06,WY18
10/4/2017,STTD,10:05,,16.9,0.39,144,171,7.73,8.61,11.9,TRUE,2187,0.07,1629.5,0.22,1096,0.57,543.8,1.8,21.42,WY18
10/17/2017,SHR,9:50,,14.8,1.5,90,112,7.17,9.88,0.6,TRUE,1237.9,0.08,923.2,0.22,618.9,1.53,209.1,2.18,70.91,WY18
10/19/2017,STTD,10:14,1,15.9,0.62,131,159,7.82,9.59,9.1,TRUE,946,0.02,708,0.06,474,0.32,235.8,2.03,9.63,WY18
11/1/2017,SHR,9:37,,15.1,1.5,98,121,7.64,9.48,3.63,TRUE,2243,0.04,1662.3,0.07,1115.2,0.65,565.3,2.49,83.05,WY18
11/2/2017,STTD,9:27,,15.7,0.43,132,161,7.22,8.63,15.2,TRUE,456,0.03,343.6,0.05,227,0.45,114.5,1.66,4.61,WY18
11/14/2017,SHR,9:20,,13.8,1,132,168,7.11,9.28,9.2,TRUE,2343,0.05,1757,0.07,1177.2,0.44,586.5,2.18,23.9,WY18
11/15/2017,STTD,9:07,1,14.4,0.9,144,181,7.78,9.22,7.5,TRUE,440.2,0.01,340,0.05,220,0.18,109.5,2.09,4.4,WY18
11/28/2017,SHR,9:30,,13,0.8,137,178,7.56,9.31,11.3,TRUE,2265,0.01,1678.1,0.03,1152.6,0.12,568.2,1.5,22.47,WY18
11/29/2017,STTD,8:50,,13,0.36,214,277,7.52,8.02,18.1,TRUE,1984.8,0.04,1448.5,0.08,990.3,0.29,496.6,1.24,19.9,WY18
12/13/2017,STTD,9:41,,8.3,0.75,159,234,7.16,10.91,8.7,TRUE,1883.5,0.05,1436,0.12,947.6,0.56,470.6,2.18,30.27,WY18
12/14/2017,SHR,9:32,,9.4,1.28,115,163,7.51,10.97,5.1,TRUE,2041,0.04,1542,0.06,1027,0.47,513,1.92,48.6,WY18
12/19/2017,SHR,9:50,,9.2,0.7,116,166,7.43,11.07,8.6,TRUE,1118.2,0.02,853.9,0.04,568.8,0.3,271.5,1.91,29.8,WY18
12/20/2017,STTD,10:00,,8.7,0.45,157,228,6.96,11.36,15.2,TRUE,2136,0.04,1644.3,0.07,1079.5,0.31,530.6,1.88,21.84,WY18
1/4/2018,SHR,9:24,1,9.8,1,114,161,7.54,11,5.7,TRUE,520.6,0.03,391.5,0.05,260.9,0.56,130.3,2.19,13.72,WY18
1/2/2018,STTD,10:49,1,8.6,0.69,439,640,7.89,10.9,7.5,TRUE,656,0.02,473,0.05,337,0.29,164.3,1.92,8.25,WY18
1/18/2018,SHR,9:27,,11.2,0.7,144,196,7.39,9.97,17.9,TRUE,285.8,0.02,216,0.05,142.3,0.33,77,1.78,2.8,WY18
1/17/2018,STTD,9:45,,11.4,0.37,431,583,7.55,6.87,24.3,TRUE,281.8,0.02,208.3,0.05,141.99,0.22,70.62,1.09,2.82,WY18
2/28/2018,STTD,9:54,,9.2,0.34,615,881,8.09,11.65,17.6,TRUE,1957.8,0.04,1461.6,0.12,976.9,0.37,489.5,1.42,19.78,WY18
2/27/2018,SHR,10:17,,9.2,0.9,123,176,7.48,11.09,9.7,TRUE,2413,0.05,1807.4,0.18,1207.4,0.58,602.8,1.21,24.21,WY18
1/30/2018,STTD,9:50,,10.3,0.33,478,665,7.77,8.86,26.2,TRUE,771.01,0.03,569.4,0.06,384.9,0.27,193,1.17,7.76,WY18
1/31/2018,SHR,10:11,,10,0.5,121,169,7.67,10.81,15.1,TRUE,2219,0.05,1639.8,0.17,1115.9,0.54,544.1,1.9,22.51,WY18
2/13/2018,STTD,9:15,,11.2,0.36,554,752,7.87,8.54,21.3,TRUE,2062,0.03,1545.7,0.08,1030.8,0.26,516.5,1.19,20.54,WY18
2/14/2018,SHR,10:02,,10.5,1,127,176,7.63,10.8,7.2,TRUE,726.9,0.03,549,0.05,362,0.5,181,2.3,14.8,WY18
3/14/2018,STTD,9:48,,14.9,0.37,640,793,7.95,7.56,21.2,TRUE,700.8,0.03,524.6,0.06,354,0.28,174.1,1.07,7.08,WY18
3/13/2018,SHR,9:40,,14,1,129,164,7.71,10.17,6.1,TRUE,498.8,0.01,372.9,0.04,246.2,0.35,124.7,1.92,16.3,WY18
3/28/2018,STTD,9:30,,14.6,0.23,568,707,7.99,8.37,38.7,TRUE,2017,0.04,1516.5,0.12,1001.2,0.22,501.4,0.83,19.61,WY18
3/29/2018,SHR,8:57,,12.6,0.44,81,106,7.45,10.2,22.3,TRUE,1918,0.04,1443,0.1,955,0.34,481,1.62,19.1,WY18
4/11/2018,SHR,9:18,,13.9,0.25,80,102,7.36,9.63,44.7,TRUE,899.9,0.04,684,0.09,436.7,0.26,212,1.07,8.23,WY18
4/10/2018,STTD,11:00,,16.6,0.12,211,252,7.71,7.75,111.2,TRUE,1365.6,0.03,1036.2,0.07,684.7,0.12,345.4,0.45,13.65,WY18
4/24/2018,SHR,10:50,,17.3,0.7,120.7,141.4,7.67,9.36,10.2,TRUE,2498,0.05,1860,0.27,1245.2,0.71,623.4,2.52,24.5,WY18
4/25/2018,STTD,9:45,,19.9,0.32,598,662,8.08,7.59,19.8,TRUE,2166,0.05,1625,0.12,1085.9,0.39,541.2,1.29,21.66,WY18
5/1/2018,STTD,9:40,,18.6,0.27,607,691,8.22,8.18,28.6,TRUE,2053,0.07,1527.7,0.12,1028.8,0.37,515.8,1.05,20.62,WY18
5/2/2018,SHR,10:12,1,16.9,1.45,110,142,7.93,9.65,2.9,TRUE,2446,0.05,1810.5,0.28,1229.2,1.11,610.6,2.19,207.7,WY18
5/15/2018,STTD,9:24,,18,0.22,403,465,8.38,8.13,29.3,TRUE,2153,0.06,1617,0.19,1081.8,0.36,537.7,1.12,21.56,WY18
5/16/2018,SHR,9:47,,18.7,1.4,109,124,7.82,9.06,3.3,TRUE,741.8,0.03,556,0.06,374,0.7,185.1,2.09,42.6,WY18
5/29/2018,SHR,9:46,1,20.1,0.75,135,149,7.56,8.91,8.3,TRUE,2364,0.04,1773.4,0.3,1183.3,0.84,591,2.19,67.7,WY18
5/30/2018,STTD,11:40,,22.2,0.38,233,247,8.14,8.04,20.3,TRUE,2559,0.08,1929.4,0.19,1280.2,0.46,635,1.5,25.72,WY18
6/13/2018,SHR,9:40,1,21.1,1.32,112.8,121.9,7.58,8.79,3.8,TRUE,2318,0.03,1765.3,0.32,1152.1,0.84,572.7,2.29,180.2,WY18
6/12/2018,STTD,10:09,,21.8,0.26,206,219,8.74,7.83,25.1,TRUE,2313,0.08,1734.5,0.26,1146.1,0.44,642.7,1.36,23.12,WY18
6/26/2018,STTD,9:47,1,22.5,0.33,184,193,7.73,7.43,22.5,TRUE,2138,17,1601.3,0.2,1078,0.47,536.4,1.54,21.2,WY18
6/27/2018,SHR,9:35,1,21.6,1.25,100,106,7.57,8.58,4.9,TRUE,2365,0.07,1775.5,0.24,1186.4,0.97,591.6,2.22,142.82,WY18
7/12/2018,SHR,9:15,1,21.7,1.1,98,104,7.55,8.62,6.7,TRUE,2520,0.07,1882.5,0.27,1254.2,0.89,630.1,2.5,102.41,WY18
7/25/2018,SHR,9:59,1,22.3,1.1,106,112,7.68,8.57,3.9,TRUE,2507,0.03,1885.1,0.23,1267.3,1,624,2.34,114.5,WY18
8/9/2018,SHR,9:05,1,20.3,0.9,124,137,7.56,8.56,8.3,TRUE,2157,0.05,1660.3,0.17,1089.2,0.73,535.1,2.49,30.91,WY18
8/23/2018,SHR,8:55,1,20.3,1.91,133,146,7.47,8.62,5.5,TRUE,2097,0.06,1579.6,0.27,1047.2,0.98,538.3,2.19,125.84,WY18
9/20/2018,SHR,9:45,1,18,1.7,111,128,7.7,9.06,8,TRUE,2357,0.05,1706.9,0.26,1170.1,0.96,583.3,2.5,103.75,WY18
10/11/2018,SHR,9:07,1,17.4,2.2,109,127,7.68,8.98,4.6,TRUE,2013,0.04,1530.6,0.12,1014.7,1.09,504.9,2.48,130.01,WY19
11/9/2018,SHR,9:29,1,12.8,3.5,106,138,7.84,9.87,4.6,TRUE,1966.2,0.04,1462.2,0.07,978.2,0.91,499.2,2.48,152.4,WY19
11/8/2018,STTD,9:42,1,14.4,0.52,174,218,8.29,9.07,16.2,TRUE,1891.6,0.05,1418.5,0.11,948.3,0.32,484.7,1.58,19.26,WY19
11/27/2018,SHR,9:20,1,12.4,1.15,141,185,7.56,9.33,7.5,TRUE,245.6,0.02,181.8,0.06,128.8,0.25,61.8,2.48,3.85,WY19
11/26/2018,STTD,10:20,1,11.8,0.56,190,254,7.81,9.6,14.9,TRUE,1566.2,0.05,1157,0.17,782.3,0.38,391.9,1.83,15.67,WY19
10/26/2018,SHR,9:01,1,15.9,,106,129,7.68,9.47,5.8,TRUE,1955.3,0.07,1453,0.1,975,0.77,498,2.48,115.5,WY19
12/12/2018,SHR,11:00,1,10.3,2.4,133,184,8.58,10.24,7.6,TRUE,2113,0.04,1568.2,0.06,1054,0.6,520.3,2.14,56.81,WY19
12/11/2018,STTD,10:45,1,10.2,0.92,374,521,9.11,9.55,9.8,TRUE,2042,0.03,1551,0.06,1012.8,0.38,513,2.07,20.37,WY19
12/27/2018,SHR,10:27,1,9.7,0.6,133,188,6.41,10.29,16.8,TRUE,2237,0.05,1679,0.09,1119.1,0.36,558.7,1.45,22.2,WY19
1/9/2019,SHR,9:06,1,8.9,0.38,113,163,7.44,10.62,30.9,TRUE,808.6,0.04,603.2,0.07,401.6,0.21,205.5,1.04,8.11,WY19
1/8/2019,STTD,9:53,1,8.5,0.21,373,545,7.66,9.75,40.7,TRUE,168.23,0.04,127,0.08,83.74,0.21,42.21,0.74,1.67,WY19
1/23/2019,SHR,9:45,1,10.4,0.14,108,150,7.67,9.7,74,TRUE,2265,0.05,1688.5,0.07,1131.8,0.15,566.9,0.5,22.67,WY19
1/22/2019,STTD,11:37,1,10.6,0.12,272,374,8.25,7.2,147.3,TRUE,2147,0.06,1658,0.09,1074,0.14,534.5,0.37,21.11,WY19
2/20/2019,SHR,9:18,1,8.5,0.2,87,127,7.47,10.59,57.4,TRUE,1511.3,0.01,1110.7,0.05,754.3,0.16,379.8,0.71,15.08,WY19
2/19/2019,STTD,10:34,1,7.6,0.1,69,103,7.81,10.69,94.4,TRUE,2204,0.07,1658.4,0.11,1105.6,0.17,548,0.53,21.16,WY19
2/27/2019,SHR,8:40,1,8.8,0.2,70,101,7.87,11.56,57.2,TRUE,330.4,0.06,235.4,0.09,162.12,0.2,81.02,0.63,3.13,WY19
2/26/2019,STTD,10:45,1,9.7,0.15,219,308,7.9,9.46,77.9,TRUE,188.47,0.03,141.51,0.08,94.54,0.18,46.93,0.71,1.9,WY19
2/4/2019,SHR,9:16,1,11.4,0.33,140,188,8.11,9.84,38.5,TRUE,3046,0.04,2259,0.09,1536,0.2,761,0.6,34.79,WY19
2/5/2019,STTD,10:25,1,10.4,0.07,331,458,7.6,8.41,120.1,TRUE,2427,0.06,1810.9,0.1,1214,0.12,611.8,0.4,24.17,WY19
3/20/2019,STTD,9:59,1,14.3,0.22,170,213,7.74,9.01,27.4,TRUE,1292.6,0.03,997.1,0.06,610.8,0.16,323.2,1.17,12.04,WY19
3/21/2019,SHR,8:44,1,12.4,0.4,108,142,7.64,10.35,20.7,TRUE,1978.4,0.05,1487.6,0.09,981.2,0.24,496.6,1.3,20.4,WY19
3/28/2019,STTD,10:00,1,14,0.28,349,441,8.13,9.02,23.3,TRUE,1604.8,0.05,1229,0.17,806.7,0.42,401.6,1.22,19.4,WY19
3/29/2019,SHR,9:05,1,11.5,0.3,98,124,7.69,10.66,23.4,TRUE,2048,0.03,1542.6,0.06,1022,0.27,512.2,1.16,20.8,WY19
4/3/2019,STTD,10:25,1,14.9,0.35,182,225,7.84,8.83,24.8,TRUE,2184,0.07,1636.2,0.2,1082.5,0.38,556.3,1.19,45.65,WY19
4/4/2019,SHR,9:25,1,12.6,0.4,88,115,7.47,10.44,17.9,TRUE,814.8,0.02,614.1,0.04,409.3,0.38,203.1,1.5,11.6,WY19
4/8/2019,STTD,9:56,1,16.6,0.32,161,191,7.75,8.73,22.4,TRUE,2258,0.1,1621,0.31,1140,0.62,583,1.52,34,WY19
4/9/2019,SHR,9:10,1,12.8,0.35,78,101,7.77,10.69,21.3,TRUE,2143,0.06,1608.6,0.16,1070.6,0.38,535.1,1.4,22.55,WY19
4/15/2019,STTD,11:06,1,,0.21,,,7.78,13.16,39.9,TRUE,565,0.05,426.3,0.1,285.3,0.3,142.02,0.48,55.95,WY19
4/16/2019,SHR,9:13,1,11,0.4,76,104,7.53,10.61,18.3,TRUE,1843,0.09,1375.9,0.22,921.4,0.58,460.02,1.62,27,WY19
4/23/2019,SHR,9:10,1,15.3,0.5,96,118,7.87,10.01,16.7,TRUE,1901.07,0.06,1421.7,0.24,946.1,0.54,474.6,1.84,18.8,WY19
4/22/2019,STTD,9:58,1,17.8,0.33,283,328,8.02,8.11,23.1,TRUE,2242,0.08,1642.4,0.17,1117,0.35,565.7,1.19,23,WY19
7/2/2019,SHR,9:56,1,20.3,1.23,87,96,7.79,8.86,7.8,TRUE,2229,0.03,1634,0.36,1122,1.07,550,1.93,178,WY19
7/1/2019,STTD,9:27,1,22.2,0.3,259,274,8.62,7.68,26.2,TRUE,2101,0.08,1158,0.2,1052.2,0.36,520.7,1.31,21.8,WY19
6/17/2019,STTD,10:15,1,21.8,0.29,375,399,8.38,7.14,28.6,TRUE,2147,0.05,1620.2,0.15,1070.1,0.32,535,1.1,21.73,WY19
6/18/2019,SHR,9:36,1,19.5,1.2,95,106,6.9,9,6.8,TRUE,2318,0.04,1739.2,0.27,1160.9,0.92,577.9,2,131.16,WY19
7/15/2019,STTD,9:23,1,24,0.33,218,222,8.45,7.39,24.4,TRUE,2034,0.06,1534,0.16,1011,0.36,508,1.54,20.35,WY19
7/16/2019,SHR,9:40,1,22,1.01,100,106,7.78,8.48,9.1,TRUE,1466.3,0.06,1467.7,0.49,734.5,0.97,371.6,2.19,82.21,WY19
8/5/2019,SHR,9:14,1,21.2,1.4,104,112,7.76,8.67,8,TRUE,2335,0.06,1746,0.23,1165,0.86,589,2.22,120,WY19
8/7/2019,STTD,12:39,1,24.1,0.4,191,194,8.62,7.87,21.1,TRUE,2354,0.03,1700.9,0.22,1163.6,0.44,586,1.71,24.58,WY19
8/7/2019,STTD,12:49,1,24.1,0.4,191,194,8.62,7.87,21.1,TRUE,,,,,,,,,,WY19
8/19/2019,SHR,10:00,1,20.6,1,104,114,7.5,8.7,9.3,TRUE,2212,0.05,1643,0.28,1128,0.93,553,2.1,135,WY19
8/21/2019,STTD,12:20,1,23.9,0.32,187,192,8.55,8.07,22.3,TRUE,2438,0.06,1847.2,0.29,1224,0.58,607.7,1.66,24.47,WY19
9/4/2019,STTD,12:02,1,24.9,0.26,546,547,7.81,5.73,26.6,TRUE,2847,0.07,2129,0.21,1421.6,0.41,716.5,1.13,28.77,WY19
9/5/2019,SHR,9:45,1,19.9,1,110,122,7.41,8.86,10.2,TRUE,982.4,0.02,736.7,0.05,499.4,0.3,246.2,2.48,19.38,WY19
9/16/2019,SHR,9:40,1,18.5,1.2,107,122,7.44,9.22,6.3,TRUE,259.1,0.02,193.42,0.05,130.66,0.65,64.3,2.19,11.6,WY19
9/18/2019,STTD,11:59,1,21.8,0.3,569,606,7.79,6.03,27.6,TRUE,2394,0.08,1786,0.13,1194,0.48,590.7,1.45,23,WY19
9/30/2019,SHR,9:23,1,16.6,1.8,96,114,7.31,9.23,9.5,TRUE,2218,0.04,1654.5,0.1,1196,0.65,557.7,2.19,94.3,WY19
5/20/2019,STTD,10:10,1,16.6,0.21,559,666,7.83,6.74,36.1,FALSE,,,,,,,,,,WY19
10/4/2016,LIS,10:31,,17.47,0.2,200,233,7.45,6.48,75.9,FALSE,,,,,,,,,,
10/18/2016,LIS,9:27,,16.94,0.2,183,216,7.22,8.01,55.8,FALSE,,,,,,,,,,
10/31/2016,LIS,11:27,,16.9,0.23,198,235,7.56,6.88,48.2,FALSE,,,,,,,,,,
11/14/2016,LIS,10:48,,16.6,0.21,295.4,351.5,7.55,4.52,38.1,FALSE,,,,,,,,,,
11/21/2016,LIS,10:07,,14,0.17,294.8,373.5,7.03,5.53,43.9,FALSE,,,,,,,,,,
11/28/2016,LIS,11:31,,11.3,0.35,563,763,7.71,7.54,24.7,FALSE,,,,,,,,,,
12/13/2016,LIS,12:39,1,10.5,0.25,450,623,7.67,6.23,41.7,FALSE,,,,,,,,,,
12/20/2016,LIS,9:02,1,8.2,0.14,87,129,7.42,8.72,87.3,FALSE,,,,,,,,,,
12/21/2016,LIS,15:31,1,8.8,0.18,94,136,7.49,8.66,56.8,FALSE,,,,,,,,,,
12/27/2016,LIS,13:08,1,6.6,0.26,308,472,7.9,9.21,42.2,FALSE,,,,,,,,,,
1/11/2017,LIS,12:26,1,10.3,0.12,49,67,7.47,10.42,90.3,FALSE,,,,,,,,,,
1/18/2017,LIS,15:50,,8.2,0.21,74,109,7.4,10.65,54.3,FALSE,,,,,,,,,,
1/24/2017,LIS,15:27,1,9.5,0.19,79.5,113,7.57,10.57,58.7,FALSE,,,,,,,,,,
1/31/2017,LIS,12:49,,9.2,0.3,,116,7.77,10.38,33.4,FALSE,,,,,,,,,,
2/6/2017,LIS,15:00,,11.3,0.25,133,180,7.78,10.11,39.3,FALSE,,,,,,,,,,
2/22/2017,LIS,11:45,1,10.4,0.24,52.5,72.7,7.75,11.03,51.3,FALSE,,,,,,,,,,
3/9/2017,LIS,14:36,1,12.4,0.26,115,151,7.62,10.35,35.3,FALSE,,,,,,,,,,
3/14/2017,LIS,15:42,1,19.1,0.39,396,447,8.25,11.58,22.1,FALSE,,,,,,,,,,
3/22/2017,LIS,14:22,1,15.1,0.37,175,215,8,9.5,22.3,FALSE,,,,,,,,,,
4/5/2017,LIS,14:17,1,17.5,0.31,446,521,8.31,9.01,31.3,FALSE,,,,,,,,,,
4/18/2017,LIS,14:09,1,14.2,0.46,99,124,7.65,10,21.1,FALSE,,,,,,,,,,
4/26/2017,LIS,12:03,1,15.9,0.43,96,117,7.54,10.75,17.4,FALSE,,,,,,,,,,
5/3/2017,LIS,12:39,1,19.4,0.6,127,142,8.27,9.79,11.1,FALSE,,,,,,,,,,
5/16/2017,LIS,12:45,1,19.2,0.21,535,603,7.9,6.67,48.3,FALSE,,,,,,,,,,
5/30/2017,LIS,10:08,,22.4,0.19,590,621,7.9,6.14,46.6,FALSE,,,,,,,,,,
6/12/2017,LIS,12:14,1,20.9,0.19,589,640,7.74,0,54.5,FALSE,,,,,,,,,,
6/21/2017,LIS,9:12,,27.1,,599,576,7.69,3.72,46.4,FALSE,,,,,,,,,,
6/28/2017,LIS,8:50,1,23,0.15,622,647,7.79,5.19,61.8,TRUE,2229,0.06,1682,0.12,1110,0.2,554,0.62,22.3,
7/7/2017,LIS,11:47,1,25.6,,719,711,8.08,5.52,76.5,TRUE,2443,0.03,1831,0.14,1223,0.28,613,0.81,24.5,
7/19/2017,LIS,8:34,1,24.4,0.14,413,418,8.02,5.49,84.4,TRUE,2071,0.07,1522,0.09,1122,0.16,519,0.5,23.05,
8/2/2017,LIS,8:51,1,24.9,0.18,314,315,7.94,5.78,56.2,TRUE,2080,0.07,1566,0.12,1038,0.23,521,0.7,20.2,
8/16/2017,LIS,8:35,,22.4,0.18,317,333,8.28,7.54,45.1,TRUE,2059,0.09,1567,0.13,1023,0.22,509,0.78,19.66,
8/30/2017,LIS,8:59,1,24.7,0.18,327,329,8.09,6.7,54.2,TRUE,2233,0.08,1673.8,0.15,1117,0.24,555.7,0.76,22.38,
9/13/2017,LIS,13:06,1,25.1,0.17,690,688,8.25,6.11,30.2,TRUE,2381,0.02,1788,0.09,1198,0.34,589,1.04,23.6,
9/20/2017,LIS,12:41,1,23.1,0.22,607,643,8.11,8.29,38.2,FALSE,,,,,,,,,,
10/4/2017,LIS,12:31,,18.8,0.24,174,198,7.74,7.74,29.5,FALSE,2381,0.02,1788,0.09,1198,0.34,589,1.04,23.6,
10/16/2017,LIS,11:10,,15.4,0.33,148,182,7.45,7.08,22.1,FALSE,,,,,,,,,,
10/19/2017,LIS,10:23,,15.5,0.33,154,189,7.43,7.62,35.1,FALSE,,,,,,,,,,
11/2/2017,LIS,11:36,,15.9,0.24,168,204,7.72,7.46,38.9,FALSE,,,,,,,,,,
11/15/2017,LIS,11:21,,14.3,0.3,192,241,7.54,6.25,25.9,FALSE,,,,,,,,,,
11/29/2017,LIS,11:30,,12.9,0.39,428,557,7.79,8.29,16.2,FALSE,,,,,,,,,,
12/13/2017,LIS,12:21,,9.3,0.81,407,581,8.31,12.52,7.7,FALSE,,,,,,,,,,
12/20/2017,LIS,12:31,,8.7,0.46,455,660,8.09,10.97,12,FALSE,,,,,,,,,,
1/2/2018,LIS,13:06,,8.7,0.37,421,613,7.9,10.23,20,FALSE,,,,,,,,,,
1/17/2018,LIS,15:00,,11.6,0.24,440,591,7.65,6.91,38.1,FALSE,,,,,,,,,,
1/30/2018,LIS,13:05,,10.9,0.22,491,671,7.81,8.84,43.5,FALSE,,,,,,,,,,
2/13/2018,LIS,11:24,,10.4,0.27,569,790,7.99,9.55,30.1,FALSE,,,,,,,,,,
2/28/2018,LIS,12:19,,9.6,0.26,679,962,8.33,11.08,26,FALSE,,,,,,,,,,
3/14/2018,LIS,12:20,,15.1,0.25,641,791,7.94,7.87,33.4,FALSE,,,,,,,,,,
3/28/2018,LIS,12:14,,15.5,0.2,601,734,8.05,8.58,39.7,FALSE,,,,,,,,,,
4/10/2018,LIS,15:17,,16,0.15,109,131,7.54,8,100.5,FALSE,,,,,,,,,,
4/25/2018,LIS,12:59,,21.6,0.31,712,760,8.05,7.54,22.1,FALSE,,,,,,,,,,
5/1/2018,LIS,12:05,,18.9,0.25,656,742,7.93,6.77,27.2,FALSE,,,,,,,,,,
5/15/2018,LIS,11:27,,19.6,0.24,636,708,8.09,6.79,35.6,FALSE,,,,,,,,,,
5/30/2018,LIS,13:00,1,22.5,0.22,741,778,8.11,7.48,40,FALSE,,,,,,,,,,
6/12/2018,LIS,12:38,,24.1,0.17,417,425,8,6.87,53.8,FALSE,,,,,,,,,,
6/26/2018,LIS,12:01,1,25,0.2,267,267,7.89,7.5,44.8,FALSE,,,,,,,,,,
7/10/2018,LIS,14:07,1,25.8,0.25,251,246,8.01,7.31,32.4,TRUE,2463,0.05,1839,0.19,1231.5,0.42,616,1.26,24.7,
7/26/2018,LIS,13:11,1,26.6,0.24,231,224,8.12,7.45,33.7,FALSE,,,,,,,,,,
8/2/2018,LIS,12:12,1,24.5,0.29,214,216,8.16,7.58,29,FALSE,,,,,,,,,,
8/8/2018,LIS,12:06,1,23.4,0.23,237,244,7.95,7.06,31.3,TRUE,2335,0.05,1770,0.17,1167,0.36,586,1.14,23.4,
8/13/2018,LIS,11:11,1,24.5,0.35,267,270,8.1,7.23,25.3,FALSE,,,,,,,,,,
8/22/2018,LIS,9:08,1,21.5,0.25,256,275,7.96,7.28,30.4,TRUE,2209,0.04,1652,0.14,1106,0.31,553,1.1,22.27,
8/30/2018,LIS,14:12,1,22,0.51,539,572,7.54,4.08,12.7,TRUE,2615,0.09,1963,0.23,1303,0.52,656,1.92,28.9,
9/4/2018,LIS,9:26,1,21.8,0.42,512,546,7.47,4.38,16,TRUE,2076,0.03,1550,0.09,1027,0.31,516,1.47,22.8,
9/13/2018,LIS,13:08,1,21.4,0.36,546,586,7.73,4.98,22.3,TRUE,2234,0.06,1677,0.24,1115,0.5,556,1.36,22.5,
9/19/2018,LIS,9:14,1,20,0.35,537,594,7.53,5.39,18.3,TRUE,2237,0.09,1734,0.21,1192,0.44,558,1.35,22.05,
9/27/2018,LIS,12:15,1,21.2,0.38,602,649,7.78,5.49,19.7,TRUE,2334,0.06,1752,0.21,1168,0.47,585,1.62,23.33,
10/4/2018,LIS,12:08,1,20.9,0.24,369,400,8.12,6.2,31.5,TRUE,3000,0.03,2203,0.08,1525,0.24,765.5,1.13,31.66,
10/10/2018,LIS,8:45,1,18.4,0.28,257,294,8.11,7.36,32.3,TRUE,2000,0.05,1507,0.12,999,0.29,500.5,1.23,20.2,
10/18/2018,LIS,11:52,1,16.8,0.49,232,274,7.66,6.33,19.6,TRUE,2209,0.06,1654,0.22,1108,0.56,552,1.81,22.1,
10/25/2018,LIS,13:28,1,18.1,0.2,240,277,7.71,5.42,46.7,TRUE,2321,0.07,1759,0.14,1174,0.3,573.9,1.15,28.44,
11/1/2018,LIS,11:52,1,15.9,0.25,257,311,7.8,7.42,39.8,TRUE,2353,0.07,1760.1,0.18,1179,0.31,583.7,0.95,23.75,
11/8/2018,LIS,12:27,1,14.2,0.17,264,333,7.97,8.19,41.2,FALSE,,,,,,,,,,
11/26/2018,LIS,9:13,1,11.8,0.6,370,495,7.6,7.57,14.6,FALSE,,,,,,,,,,
12/11/2018,LIS,13:30,1,10.9,0.38,439,601,8.75,7.75,20.7,FALSE,,,,,,,,,,
12/26/2018,LIS,11:48,1,10.4,0.28,438,606,6,6.54,28.1,FALSE,,,,,,,,,,
1/8/2019,LIS,13:59,1,9.1,0.12,313,451,7.65,9.12,98.9,FALSE,,,,,,,,,,
1/22/2019,LIS,14:29,1,10.6,0.11,276,381,7.62,8.17,134.4,FALSE,,,,,,,,,,
2/5/2019,LIS,14:50,1,10.4,0.09,298,413,7.89,8.31,153.2,FALSE,,,,,,,,,,
2/19/2019,LIS,14:31,1,9,0.11,82,119,7.89,10.61,92.2,FALSE,,,,,,,,,,
2/26/2019,LIS,12:56,1,9.7,0.17,222,314,8.28,9.79,82.2,FALSE,,,,,,,,,,
3/11/2019,LIS,14:41,1,12.2,0.16,105,140,,9.59,71,FALSE,,,,,,,,,,
3/20/2019,LIS,14:20,1,14.6,0.33,208,260,7.94,9.7,23.7,FALSE,,,,,,,,,,
3/28/2019,LIS,12:52,1,14.7,0.29,372,463,8.28,9.74,27.6,FALSE,,,,,,,,,,
4/3/2019,LIS,14:31,1,15.3,0.34,213,261,8.9,9.67,26.2,FALSE,,,,,,,,,,
4/8/2019,LIS,11:56,1,16.2,0.39,124,149,8.26,9.87,18.7,FALSE,,,,,,,,,,
4/15/2019,LIS,13:33,1,12.7,0.3,149,194,7.78,9.9,27.3,FALSE,,,,,,,,,,
4/22/2019,LIS,12:15,1,21.5,0.23,448,480,8.71,13.05,18.8,FALSE,,,,,,,,,,
5/6/2019,LIS,12:35,1,19.8,0.19,582,646,7.52,6.79,43.9,FALSE,,,,,,,,,,
5/20/2019,LIS,13:12,1,16.7,0.22,434,515,7.81,7.52,43.9,FALSE,,,,,,,,,,
6/3/2019,LIS,11:45,1,24.4,0.23,573,580,7.8,5.21,39.3,FALSE,,,,,,,,,,
6/17/2019,LIS,11:47,1,23.5,0.2,652,671,8.01,5.28,53.4,FALSE,,,,,,,,,,
7/1/2019,LIS,11:09,1,23.6,0.2,800,822,8.28,6.11,50.7,FALSE,,,,,,,,,,
7/15/2019,LIS,11:07,1,25.3,0.2,723,718,8.06,5.47,39.4,FALSE,,,,,,,,,,
8/6/2019,LIS,11:28,1,25.1,0.21,527,526,7.98,5.31,49.9,TRUE,2468,0.07,1847,0.2,1238,0.35,619,0.95,25.8,
8/20/2019,LIS,11:23,1,24.1,0.25,449,458,8.31,7.86,47.8,TRUE,2311,0.09,1731,0.19,1110,0.32,588,0.95,22.1,
9/3/2019,LIS,11:18,1,24.4,0.22,533,540,7.86,4.51,39.5,TRUE,2379,0.07,1782,0.15,1186,0.29,595.9,0.96,23.75,
9/3/2019,LIS,11:30,1,24.4,0.22,533,540,7.86,4.51,39.5,FALSE,,,,,,,,,,
9/17/2019,LIS,10:14,1,21.6,0.28,562,601,7.52,5.24,27.8,TRUE,2211,0.06,1659.2,0.16,1102.4,0.54,557.9,1.25,21.11,
